<?xml version = '1.0' encoding = 'UTF-8' standalone = 'yes'?>
<!DOCTYPE jazn-data PUBLIC "JAZN-XML Data" "http://xmlns.oracle.com/ias/dtds/jazn-data.dtd">
<jazn-data>

<!-- JAZN Realm Data -->
<jazn-realm>
	<realm>
		<name>jazn.com</name>
		<users>
			<user>
				<name>anonymous</name>
				<description>The default guest/anonymous user</description>
			</user>
			<user>
				<name>SCOTT</name>
				<display-name>SCOTT</display-name>
				<credentials>{903}BQxPWhjvaBwXUl2R+ahTy152QSEM40ZQ</credentials>
			</user>
			<user>
          <name>admin</name>
				<display-name>OC4J Administrator</display-name>
				<description>OC4J Administrator</description>
				<credentials>{903}4DfM8btLMWdqGiuCc7XgrerCon5Ca4F7</credentials>
			</user>
			<user>
          <name>user</name>
				<description>The default user</description>
				<credentials>{903}hG+Ds9AYrIyGWNXm1HYPx/Pj4Ns/UF7i</credentials>
			</user>
		</users>
		<roles>
			<role>
				<name>administrators</name>
				<display-name>Realm Admin Role</display-name>
				<description>Administrative role for this realm.</description>
				<members>
					<member>
						<type>user</type>
						<name>admin</name>
					</member>
				</members>
			</role>
			<role>
				<name>users</name>
				<members>
					<member>
						<type>user</type>
						<name>user</name>
					</member>
					<member>
						<type>user</type>
						<name>SCOTT</name>
					</member>
					<member>
						<type>role</type>
						<name>administrators</name>
					</member>
				</members>
			</role>
			<role>
				<name>guests</name>
				<members>
					<member>
						<type>user</type>
						<name>anonymous</name>
					</member>
					<member>
						<type>role</type>
						<name>users</name>
					</member>
				</members>
			</role>
		</roles>
	</realm>
</jazn-realm>

<!-- JAZN Policy Data -->
<jazn-policy>
	<grant>
		<grantee>
			<principals>
				<principal>
					<realm-name>jazn.com</realm-name>
					<type>role</type>
					<class>oracle.security.jazn.spi.xml.XMLRealmRole</class>
					<name>jazn.com/administrators</name>
				</principal>
			</principals>
		</grantee>
		<permissions>
			<permission>
				<class>com.evermind.server.rmi.RMIPermission</class>
				<name>login</name>
			</permission>
			<permission>
				<class>oracle.security.jazn.policy.RoleAdminPermission</class>
				<name>jazn.com/*</name>
			</permission>
			<permission>
				<class>com.evermind.server.AdministrationPermission</class>
				<name>administration</name>
				<actions>administration</actions>
			</permission>
			<permission>
				<class>oracle.security.jazn.realm.RealmPermission</class>
				<name>jazn.com</name>
				<actions>modifyrealmmetadata</actions>
			</permission>
			<permission>
				<class>oracle.security.jazn.realm.RealmPermission</class>
				<name>jazn.com</name>
				<actions>dropuser</actions>
			</permission>
			<permission>
				<class>oracle.security.jazn.realm.RealmPermission</class>
				<name>jazn.com</name>
				<actions>droprealm</actions>
			</permission>
			<permission>
				<class>oracle.security.jazn.realm.RealmPermission</class>
				<name>jazn.com</name>
				<actions>createrealm</actions>
			</permission>
			<permission>
				<class>oracle.security.jazn.policy.AdminPermission</class>
				<name>oracle.security.jazn.realm.RealmPermission$jazn.com$droprole</name>
			</permission>
			<permission>
				<class>oracle.security.jazn.policy.AdminPermission</class>
				<name>oracle.security.jazn.policy.RoleAdminPermission$jazn.com/*$</name>
			</permission>
			<permission>
				<class>oracle.security.jazn.policy.AdminPermission</class>
				<name>oracle.security.jazn.realm.RealmPermission$jazn.com$droprealm</name>
			</permission>
			<permission>
				<class>oracle.security.jazn.policy.AdminPermission</class>
				<name>oracle.security.jazn.realm.RealmPermission$jazn.com$createrealm</name>
			</permission>
			<permission>
				<class>oracle.security.jazn.policy.AdminPermission</class>
				<name>oracle.security.jazn.realm.RealmPermission$jazn.com$modifyrealmmetadata</name>
			</permission>
			<permission>
				<class>oracle.security.jazn.policy.AdminPermission</class>
				<name>oracle.security.jazn.realm.RealmPermission$jazn.com$createrole</name>
			</permission>
		</permissions>
	</grant>
	<grant>
		<grantee>
			<principals>
				<principal>
					<realm-name>jazn.com</realm-name>
					<type>role</type>
					<class>oracle.security.jazn.spi.xml.XMLRealmRole</class>
					<name>jazn.com/users</name>
				</principal>
			</principals>
		</grantee>
		<permissions>
			<permission>
				<class>com.evermind.server.rmi.RMIPermission</class>
				<name>login</name>
			</permission>
		</permissions>
	</grant>
</jazn-policy>

<!-- Permission Class Data -->
<jazn-permission-classes>
</jazn-permission-classes>

<!-- Principal Class Data -->
<jazn-principal-classes>
</jazn-principal-classes>

<!-- Login Module Data -->
<jazn-loginconfig>
	<application>
		<name>oracle.security.jazn.tools.Admintool</name>
		<login-modules>
			<login-module>
				<class>oracle.security.jazn.realm.RealmLoginModule</class>
				<control-flag>required</control-flag>
				<options>
					<option>
						<name>debug</name>
						<value>false</value>
					</option>
					<option>
						<name>addAllRoles</name>
						<value>true</value>
					</option>
				</options>
			</login-module>
		</login-modules>
	</application>
</jazn-loginconfig>

</jazn-data>

<!--
<?xml version = '1.0' encoding = 'windows-1252'?>
<!DOCTYPE jazn-data PUBLIC "JAZN-XML Data" "http://xmlns.oracle.com/ias/dtds/jazn-data.dtd">
<jazn-data>
  <jazn-realm>
    <realm>
      <name>jazn.com</name>
      <users>
        <user>
          <name>jdevuser</name>
          <credentials>!jdevuser</credentials>
        </user>
      </users>
      <roles>
        <role>
          <name>jdevrole</name>
        </role>
      </roles>
    </realm>
  </jazn-realm>
</jazn-data>
-->