<?xml version='1.0' encoding='windows-1252' ?>
<!DOCTYPE Entity SYSTEM "jbo_03_01.dtd">

<Entity
   Name="Course"
   DBObjectType="table"
   DBObjectName="COURSE"
   AliasName="Course"
   BindingStyle="Oracle"
   UseGlueCode="false"
   CodeGenFlag="132"
   RowClass="com.jdevbook.chap7.model.CourseImpl"
   MsgBundleClass="com.jdevbook.chap7.model.common.CourseImplMsgBundle" >
   <Data>
      <Property Name ="IS_ABSTRACT" Value ="FALSE" />
      <Property Name ="COMPLETE_LIBRARY" Value ="FALSE" />
      <Property Name ="IS_LEAF" Value ="FALSE" />
      <Property Name ="IS_ROOT" Value ="FALSE" />
      <Property Name ="ID" Value ="cfb626ff-00f7-1000-8011-7f000001585e::com.jdevbook.chap7.model.Course::EntityObject" />
      <Property Name ="VISIBILITY" Value ="PUBLIC" />
      <Property Name ="IS_ACTIVE" Value ="FALSE" />
   </Data>
   <DesignTime>
      <Attr Name="_isCodegen" Value="true" />
      <Attr Name="_version" Value="9.0.5.13.52" />
      <AttrArray Name="_publishEvents">
      </AttrArray>
   </DesignTime>
   <Attribute
      Name="CourseId"
      IsNotNull="true"
      Precision="5"
      Scale="0"
      Type="oracle.jbo.domain.Number"
      ColumnName="COURSE_ID"
      ColumnType="NUMBER"
      SQLType="NUMERIC"
      TableName="COURSE"
      PrimaryKey="true" >
      <Data>
         <Property Name ="ID" Value ="cfb626ff-00f7-1000-8012-7f000001585e::com.jdevbook.chap7.model.Course::EntityObjectAttribute" />
         <Property Name ="CHANGEABILITY" Value ="CHANGEABLE" />
         <Property Name ="OWNER_SCOPE" Value ="INSTANCE" />
         <Property Name ="MULTIPLICITY" Value ="1" />
         <Property Name ="VISIBILITY" Value ="PACKAGE" />
      </Data>
      <DesignTime>
         <Attr Name="_DisplaySize" Value="22" />
      </DesignTime>
      <RangeValidationBean
         ResId="CourseId_Rule_0"
         OnAttribute="CourseId"
         OperandType="LITERAL"
         MinValue="10"
         MaxValue="1000" >
      </RangeValidationBean>
   </Attribute>
   <Attribute
      Name="CourseName"
      Precision="30"
      Type="java.lang.String"
      ColumnName="COURSE_NAME"
      ColumnType="VARCHAR2"
      SQLType="VARCHAR"
      TableName="COURSE" >
      <Data>
         <Property Name ="ID" Value ="cfb626ff-00f7-1000-8013-7f000001585e::com.jdevbook.chap7.model.Course::EntityObjectAttribute" />
         <Property Name ="CHANGEABILITY" Value ="CHANGEABLE" />
         <Property Name ="OWNER_SCOPE" Value ="INSTANCE" />
         <Property Name ="MULTIPLICITY" Value ="1" />
         <Property Name ="VISIBILITY" Value ="PACKAGE" />
      </Data>
      <DesignTime>
         <Attr Name="_DisplaySize" Value="30" />
      </DesignTime>
   </Attribute>
   <AccessorAttribute
      Name="Student"
      Association="com.jdevbook.chap7.model.StudentCourseFk1Assoc"
      AssociationEnd="com.jdevbook.chap7.model.StudentCourseFk1Assoc.Student"
      AssociationOtherEnd="com.jdevbook.chap7.model.StudentCourseFk1Assoc.Course"
      Type="oracle.jbo.RowIterator"
      IsUpdateable="false" >
   </AccessorAttribute>
   <Key
      Name="CoursePk1" >
      <AttrArray Name="Attributes">
         <Item Value="com.jdevbook.chap7.model.Course.CourseId" />
      </AttrArray>
      <DesignTime>
         <Attr Name="_DBObjectName" Value="COURSE_PK1" />
         <Attr Name="_isPrimary" Value="true" />
      </DesignTime>
   </Key>
   <Key
      Name="SysC003012" >
      <AttrArray Name="Attributes">
         <Item Value="com.jdevbook.chap7.model.Course.CourseId" />
      </AttrArray>
      <DesignTime>
         <Attr Name="_DBObjectName" Value="SYS_C003012" />
         <Attr Name="_checkCondition" Value="&#34;COURSE_ID&#34; IS NOT NULL" />
         <Attr Name="_isCheck" Value="true" />
      </DesignTime>
   </Key>
   <UniquePKValidationBean >
   </UniquePKValidationBean>
</Entity>
