<?xml version='1.0' encoding='windows-1252' ?>
<!DOCTYPE ViewObject SYSTEM "jbo_03_01.dtd">

<ViewObject
   Name="CourseView"
   SelectList="Course.COURSE_ID, 
       Course.COURSE_NAME"
   FromList="COURSE Course"
   BindingStyle="Oracle"
   CustomQuery="false"
   ComponentClass="com.jdevbook.chap7.model.CourseViewImpl"
   MsgBundleClass="oracle.jbo.common.JboResourceBundle"
   UseGlueCode="false" >
   <Data>
      <Property Name ="IS_ABSTRACT" Value ="FALSE" />
      <Property Name ="COMPLETE_LIBRARY" Value ="FALSE" />
      <Property Name ="IS_LEAF" Value ="FALSE" />
      <Property Name ="IS_ROOT" Value ="FALSE" />
      <Property Name ="ID" Value ="d2afbb5a-00f7-1000-801f-7f000001fa90::com.jdevbook.chap7.model.CourseView::ViewObject" />
      <Property Name ="VISIBILITY" Value ="PUBLIC" />
      <Property Name ="IS_ACTIVE" Value ="FALSE" />
   </Data>
   <DesignTime>
      <Attr Name="_version" Value="9.0.5.13.52" />
      <Attr Name="_CodeGenFlagNew" Value="36" />
      <Attr Name="_isExpertMode" Value="false" />
   </DesignTime>
   <EntityUsage
      Name="Course"
      Entity="com.jdevbook.chap7.model.Course" >
      <Data>
         <Property Name ="IS_ABSTRACT" Value ="FALSE" />
         <Property Name ="COMPLETE_LIBRARY" Value ="FALSE" />
         <Property Name ="IS_LEAF" Value ="FALSE" />
         <Property Name ="IS_ROOT" Value ="FALSE" />
         <Property Name ="ID" Value ="d2afbb98-00f7-1000-8022-7f000001fa90::com.jdevbook.chap7.model.CourseView$Course::EntityObjectInstance" />
         <Property Name ="VISIBILITY" Value ="PUBLIC" />
         <Property Name ="IS_ACTIVE" Value ="FALSE" />
      </Data>
      <DesignTime>
         <Attr Name="_EntireObjectTable" Value="false" />
         <Attr Name="_queryClause" Value="false" />
      </DesignTime>
   </EntityUsage>
   <ViewAttribute
      Name="CourseId"
      IsNotNull="true"
      EntityAttrName="CourseId"
      EntityUsage="Course"
      AliasName="COURSE_ID" >
      <Data>
         <Property Name ="VISIBILITY" Value ="PACKAGE" />
         <Property Name ="OWNER_SCOPE" Value ="INSTANCE" />
         <Property Name ="IS_QUERIABLE" Value ="TRUE" />
         <Property Name ="IS_NOT_NULL" Value ="TRUE" />
         <Property Name ="CHANGEABILITY" Value ="CHANGEABLE" />
         <Property Name ="IS_UPDATEABLE" Value ="UPDATEABLE" />
         <Property Name ="MULTIPLICITY" Value ="1" />
         <Property Name ="IS_PERSISTENT" Value ="TRUE" />
         <Property Name ="IS_UNIQUE" Value ="FALSE" />
         <Property Name ="ID" Value ="d2afbb79-00f7-1000-8020-7f000001fa90::com.jdevbook.chap7.model.CourseView::ViewObjectAttribute" />
         <Property Name ="ATTR_LOAD" Value ="LOAD_EACH" />
         <Property Name ="IS_OVERRIDE_ATTR" Value ="FALSE" />
         <Property Name ="IS_SUPER_ATTR" Value ="FALSE" />
         <Property Name ="IS_VISIBLE" Value ="TRUE" />
      </Data>
   </ViewAttribute>
   <ViewAttribute
      Name="CourseName"
      EntityAttrName="CourseName"
      EntityUsage="Course"
      AliasName="COURSE_NAME" >
      <Data>
         <Property Name ="VISIBILITY" Value ="PACKAGE" />
         <Property Name ="OWNER_SCOPE" Value ="INSTANCE" />
         <Property Name ="IS_QUERIABLE" Value ="TRUE" />
         <Property Name ="IS_NOT_NULL" Value ="TRUE" />
         <Property Name ="CHANGEABILITY" Value ="CHANGEABLE" />
         <Property Name ="IS_UPDATEABLE" Value ="UPDATEABLE" />
         <Property Name ="MULTIPLICITY" Value ="1" />
         <Property Name ="IS_PERSISTENT" Value ="TRUE" />
         <Property Name ="IS_UNIQUE" Value ="FALSE" />
         <Property Name ="ID" Value ="d2afbb89-00f7-1000-8021-7f000001fa90::com.jdevbook.chap7.model.CourseView::ViewObjectAttribute" />
         <Property Name ="ATTR_LOAD" Value ="LOAD_EACH" />
         <Property Name ="IS_OVERRIDE_ATTR" Value ="FALSE" />
         <Property Name ="IS_SUPER_ATTR" Value ="FALSE" />
         <Property Name ="IS_VISIBLE" Value ="TRUE" />
      </Data>
   </ViewAttribute>
   <ViewLinkAccessor
      Name="StudentView"
      ViewLink="com.jdevbook.chap7.model.StudentCourseFk1Link"
      Type="oracle.jbo.RowIterator"
      IsUpdateable="false" >
   </ViewLinkAccessor>
</ViewObject>
