<?xml version='1.0' encoding='windows-1252' ?>
<!DOCTYPE ViewObject SYSTEM "jbo_03_01.dtd">

<ViewObject
   Name="StudentView"
   SelectList="Student.STUDENT_ID, 
       Student.STUDENT_NAME, 
       Student.COURSE_ID"
   FromList="STUDENT Student"
   BindingStyle="Oracle"
   CustomQuery="false"
   ComponentClass="com.jdevbook.chap7.model.StudentViewImpl"
   MsgBundleClass="oracle.jbo.common.JboResourceBundle"
   UseGlueCode="false" >
   <Data>
      <Property Name ="IS_ABSTRACT" Value ="FALSE" />
      <Property Name ="COMPLETE_LIBRARY" Value ="FALSE" />
      <Property Name ="IS_LEAF" Value ="FALSE" />
      <Property Name ="IS_ROOT" Value ="FALSE" />
      <Property Name ="ID" Value ="d2afbc73-00f7-1000-8026-7f000001fa90::com.jdevbook.chap7.model.StudentView::ViewObject" />
      <Property Name ="VISIBILITY" Value ="PUBLIC" />
      <Property Name ="IS_ACTIVE" Value ="FALSE" />
   </Data>
   <DesignTime>
      <Attr Name="_version" Value="9.0.5.13.52" />
      <Attr Name="_CodeGenFlagNew" Value="36" />
      <Attr Name="_isExpertMode" Value="false" />
   </DesignTime>
   <EntityUsage
      Name="Student"
      Entity="com.jdevbook.chap7.model.Student" >
      <Data>
         <Property Name ="IS_ABSTRACT" Value ="FALSE" />
         <Property Name ="COMPLETE_LIBRARY" Value ="FALSE" />
         <Property Name ="IS_LEAF" Value ="FALSE" />
         <Property Name ="IS_ROOT" Value ="FALSE" />
         <Property Name ="ID" Value ="d2afbc83-00f7-1000-802a-7f000001fa90::com.jdevbook.chap7.model.StudentView$Student::EntityObjectInstance" />
         <Property Name ="VISIBILITY" Value ="PUBLIC" />
         <Property Name ="IS_ACTIVE" Value ="FALSE" />
      </Data>
      <DesignTime>
         <Attr Name="_EntireObjectTable" Value="false" />
         <Attr Name="_queryClause" Value="false" />
      </DesignTime>
   </EntityUsage>
   <ViewAttribute
      Name="StudentId"
      IsNotNull="true"
      EntityAttrName="StudentId"
      EntityUsage="Student"
      AliasName="STUDENT_ID" >
      <Data>
         <Property Name ="VISIBILITY" Value ="PACKAGE" />
         <Property Name ="OWNER_SCOPE" Value ="INSTANCE" />
         <Property Name ="IS_QUERIABLE" Value ="TRUE" />
         <Property Name ="IS_NOT_NULL" Value ="TRUE" />
         <Property Name ="CHANGEABILITY" Value ="CHANGEABLE" />
         <Property Name ="IS_UPDATEABLE" Value ="UPDATEABLE" />
         <Property Name ="MULTIPLICITY" Value ="1" />
         <Property Name ="IS_PERSISTENT" Value ="TRUE" />
         <Property Name ="IS_UNIQUE" Value ="FALSE" />
         <Property Name ="ID" Value ="d2afbc73-00f7-1000-8027-7f000001fa90::com.jdevbook.chap7.model.StudentView::ViewObjectAttribute" />
         <Property Name ="ATTR_LOAD" Value ="LOAD_EACH" />
         <Property Name ="IS_OVERRIDE_ATTR" Value ="FALSE" />
         <Property Name ="IS_SUPER_ATTR" Value ="FALSE" />
         <Property Name ="IS_VISIBLE" Value ="TRUE" />
      </Data>
   </ViewAttribute>
   <ViewAttribute
      Name="StudentName"
      EntityAttrName="StudentName"
      EntityUsage="Student"
      AliasName="STUDENT_NAME" >
      <Data>
         <Property Name ="VISIBILITY" Value ="PACKAGE" />
         <Property Name ="OWNER_SCOPE" Value ="INSTANCE" />
         <Property Name ="IS_QUERIABLE" Value ="TRUE" />
         <Property Name ="IS_NOT_NULL" Value ="TRUE" />
         <Property Name ="CHANGEABILITY" Value ="CHANGEABLE" />
         <Property Name ="IS_UPDATEABLE" Value ="UPDATEABLE" />
         <Property Name ="MULTIPLICITY" Value ="1" />
         <Property Name ="IS_PERSISTENT" Value ="TRUE" />
         <Property Name ="IS_UNIQUE" Value ="FALSE" />
         <Property Name ="ID" Value ="d2afbc73-00f7-1000-8028-7f000001fa90::com.jdevbook.chap7.model.StudentView::ViewObjectAttribute" />
         <Property Name ="ATTR_LOAD" Value ="LOAD_EACH" />
         <Property Name ="IS_OVERRIDE_ATTR" Value ="FALSE" />
         <Property Name ="IS_SUPER_ATTR" Value ="FALSE" />
         <Property Name ="IS_VISIBLE" Value ="TRUE" />
      </Data>
   </ViewAttribute>
   <ViewAttribute
      Name="CourseId"
      EntityAttrName="CourseId"
      EntityUsage="Student"
      AliasName="COURSE_ID" >
      <Data>
         <Property Name ="VISIBILITY" Value ="PACKAGE" />
         <Property Name ="OWNER_SCOPE" Value ="INSTANCE" />
         <Property Name ="IS_QUERIABLE" Value ="TRUE" />
         <Property Name ="IS_NOT_NULL" Value ="TRUE" />
         <Property Name ="CHANGEABILITY" Value ="CHANGEABLE" />
         <Property Name ="IS_UPDATEABLE" Value ="UPDATEABLE" />
         <Property Name ="MULTIPLICITY" Value ="1" />
         <Property Name ="IS_PERSISTENT" Value ="TRUE" />
         <Property Name ="IS_UNIQUE" Value ="FALSE" />
         <Property Name ="ID" Value ="d2afbc73-00f7-1000-8029-7f000001fa90::com.jdevbook.chap7.model.StudentView::ViewObjectAttribute" />
         <Property Name ="ATTR_LOAD" Value ="LOAD_EACH" />
         <Property Name ="IS_OVERRIDE_ATTR" Value ="FALSE" />
         <Property Name ="IS_SUPER_ATTR" Value ="FALSE" />
         <Property Name ="IS_VISIBLE" Value ="TRUE" />
      </Data>
   </ViewAttribute>
</ViewObject>
