<?xml version='1.0' encoding='windows-1252' ?>
<!DOCTYPE Association SYSTEM "jbo_03_01.dtd">

<Association
   Name="StudentCourseFk1Assoc" >
   <Data>
      <Property Name ="IS_LEAF" Value ="FALSE" />
      <Property Name ="IS_ABSTRACT" Value ="FALSE" />
      <Property Name ="ID" Value ="cfb626d0-00f7-1000-800e-7f000001585e::com.jdevbook.chap7.model.StudentCourseFk1Assoc::BC4JAssociation" />
      <Property Name ="IS_ROOT" Value ="FALSE" />
   </Data>
   <DesignTime>
      <Attr Name="_isCodegen" Value="true" />
      <Attr Name="_version" Value="9.0.5.13.52" />
   </DesignTime>
   <AssociationEnd
      Name="Course"
      Cardinality="1"
      Source="true"
      Owner="com.jdevbook.chap7.model.Course" >
      <Data>
         <Property Name ="SEQUENCE" Value ="10" />
         <Property Name ="VISIBILITY" Value ="PROTECTED" />
         <Property Name ="ID" Value ="cfb626e0-00f7-1000-800f-7f000001585e::com.jdevbook.chap7.model.StudentCourseFk1Assoc::BC4JAssociationEnd" />
         <Property Name ="SCOPE" Value ="INSTANCE" />
      </Data>
      <AttrArray Name="Attributes">
         <Item Value="com.jdevbook.chap7.model.Course.CourseId" />
      </AttrArray>
      <DesignTime>
         <Attr Name="_aggregation" Value="0" />
         <Attr Name="_isUpdateable" Value="true" />
         <Attr Name="_finderName" Value="Course" />
         <Attr Name="_foreignKey" Value="com.jdevbook.chap7.model.Course.CoursePk1" />
      </DesignTime>
   </AssociationEnd>
   <AssociationEnd
      Name="Student"
      Cardinality="-1"
      Owner="com.jdevbook.chap7.model.Student" >
      <Data>
         <Property Name ="SEQUENCE" Value ="0" />
         <Property Name ="VISIBILITY" Value ="PROTECTED" />
         <Property Name ="ID" Value ="cfb626ef-00f7-1000-8010-7f000001585e::com.jdevbook.chap7.model.StudentCourseFk1Assoc::BC4JAssociationEnd" />
         <Property Name ="SCOPE" Value ="INSTANCE" />
      </Data>
      <AttrArray Name="Attributes">
         <Item Value="com.jdevbook.chap7.model.Student.CourseId" />
      </AttrArray>
      <DesignTime>
         <Attr Name="_aggregation" Value="0" />
         <Attr Name="_isUpdateable" Value="true" />
         <Attr Name="_finderName" Value="Student" />
         <Attr Name="_foreignKey" Value="com.jdevbook.chap7.model.Student.StudentCourseFk1" />
      </DesignTime>
   </AssociationEnd>
</Association>
