<?xml version='1.0' encoding='windows-1252' ?>
<!DOCTYPE Entity SYSTEM "jbo_03_01.dtd">

<Entity
   Name="Student"
   DBObjectType="table"
   DBObjectName="STUDENT"
   AliasName="Student"
   BindingStyle="Oracle"
   UseGlueCode="false"
   CodeGenFlag="4"
   RowClass="com.jdevbook.chap7.model.StudentImpl" >
   <Data>
      <Property Name ="IS_ABSTRACT" Value ="FALSE" />
      <Property Name ="COMPLETE_LIBRARY" Value ="FALSE" />
      <Property Name ="IS_LEAF" Value ="FALSE" />
      <Property Name ="IS_ROOT" Value ="FALSE" />
      <Property Name ="ID" Value ="cfb62663-00f7-1000-800a-7f000001585e::com.jdevbook.chap7.model.Student::EntityObject" />
      <Property Name ="VISIBILITY" Value ="PUBLIC" />
      <Property Name ="IS_ACTIVE" Value ="FALSE" />
   </Data>
   <DesignTime>
      <Attr Name="_isCodegen" Value="true" />
      <Attr Name="_version" Value="9.0.5.13.52" />
      <AttrArray Name="_publishEvents">
      </AttrArray>
   </DesignTime>
   <Attribute
      Name="StudentId"
      IsNotNull="true"
      Precision="5"
      Scale="0"
      Type="oracle.jbo.domain.Number"
      ColumnName="STUDENT_ID"
      ColumnType="NUMBER"
      SQLType="NUMERIC"
      TableName="STUDENT"
      PrimaryKey="true" >
      <Data>
         <Property Name ="ID" Value ="cfb62682-00f7-1000-800b-7f000001585e::com.jdevbook.chap7.model.Student::EntityObjectAttribute" />
         <Property Name ="CHANGEABILITY" Value ="CHANGEABLE" />
         <Property Name ="OWNER_SCOPE" Value ="INSTANCE" />
         <Property Name ="MULTIPLICITY" Value ="1" />
         <Property Name ="VISIBILITY" Value ="PACKAGE" />
      </Data>
      <DesignTime>
         <Attr Name="_DisplaySize" Value="22" />
      </DesignTime>
   </Attribute>
   <Attribute
      Name="StudentName"
      Precision="30"
      Type="java.lang.String"
      ColumnName="STUDENT_NAME"
      ColumnType="VARCHAR2"
      SQLType="VARCHAR"
      TableName="STUDENT" >
      <Data>
         <Property Name ="ID" Value ="cfb62692-00f7-1000-800c-7f000001585e::com.jdevbook.chap7.model.Student::EntityObjectAttribute" />
         <Property Name ="CHANGEABILITY" Value ="CHANGEABLE" />
         <Property Name ="OWNER_SCOPE" Value ="INSTANCE" />
         <Property Name ="MULTIPLICITY" Value ="1" />
         <Property Name ="VISIBILITY" Value ="PACKAGE" />
      </Data>
      <DesignTime>
         <Attr Name="_DisplaySize" Value="30" />
      </DesignTime>
   </Attribute>
   <Attribute
      Name="CourseId"
      Precision="5"
      Scale="0"
      Type="oracle.jbo.domain.Number"
      ColumnName="COURSE_ID"
      ColumnType="NUMBER"
      SQLType="NUMERIC"
      TableName="STUDENT" >
      <Data>
         <Property Name ="ID" Value ="cfb626b1-00f7-1000-800d-7f000001585e::com.jdevbook.chap7.model.Student::EntityObjectAttribute" />
         <Property Name ="CHANGEABILITY" Value ="CHANGEABLE" />
         <Property Name ="OWNER_SCOPE" Value ="INSTANCE" />
         <Property Name ="MULTIPLICITY" Value ="1" />
         <Property Name ="VISIBILITY" Value ="PACKAGE" />
      </Data>
      <DesignTime>
         <Attr Name="_DisplaySize" Value="22" />
      </DesignTime>
   </Attribute>
   <AccessorAttribute
      Name="Course"
      Association="com.jdevbook.chap7.model.StudentCourseFk1Assoc"
      AssociationEnd="com.jdevbook.chap7.model.StudentCourseFk1Assoc.Course"
      AssociationOtherEnd="com.jdevbook.chap7.model.StudentCourseFk1Assoc.Student"
      Type="com.jdevbook.chap7.model.CourseImpl" >
   </AccessorAttribute>
   <Key
      Name="StudentPk1" >
      <AttrArray Name="Attributes">
         <Item Value="com.jdevbook.chap7.model.Student.StudentId" />
      </AttrArray>
      <DesignTime>
         <Attr Name="_DBObjectName" Value="STUDENT_PK1" />
         <Attr Name="_isPrimary" Value="true" />
      </DesignTime>
   </Key>
   <Key
      Name="SysC003010" >
      <AttrArray Name="Attributes">
         <Item Value="com.jdevbook.chap7.model.Student.StudentId" />
      </AttrArray>
      <DesignTime>
         <Attr Name="_DBObjectName" Value="SYS_C003010" />
         <Attr Name="_checkCondition" Value="&#34;STUDENT_ID&#34; IS NOT NULL" />
         <Attr Name="_isCheck" Value="true" />
      </DesignTime>
   </Key>
   <Key
      Name="StudentCourseFk1" >
      <AttrArray Name="Attributes">
         <Item Value="com.jdevbook.chap7.model.Student.CourseId" />
      </AttrArray>
      <DesignTime>
         <Attr Name="_DBObjectName" Value="STUDENT_COURSE_FK1" />
         <Attr Name="_referencedKey" Value="COURSE_PK1" />
         <Attr Name="_isForeign" Value="true" />
      </DesignTime>
   </Key>
</Entity>
