<?xml version='1.0' encoding='windows-1252' ?>
<!DOCTYPE ViewLink SYSTEM "jbo_03_01.dtd">

<ViewLink
   Name="StudentCourseFk1Link"
   EntityAssociation="com.jdevbook.chap7.model.StudentCourseFk1Assoc" >
   <Data>
      <Property Name ="IS_LEAF" Value ="FALSE" />
      <Property Name ="IS_ABSTRACT" Value ="FALSE" />
      <Property Name ="ID" Value ="d2afb2ce-00f7-1000-8019-7f000001fa90::::ViewLink" />
      <Property Name ="IS_ROOT" Value ="FALSE" />
   </Data>
   <DesignTime>
      <Attr Name="_isCodegen" Value="true" />
      <Attr Name="_version" Value="9.0.5.13.52" />
   </DesignTime>
   <ViewLinkDefEnd
      Name="CourseView"
      Cardinality="1"
      Owner="com.jdevbook.chap7.model.CourseView"
      Source="true" >
      <Data>
         <Property Name ="ID" Value ="d2afb2ee-00f7-1000-801a-7f000001fa90::::ViewLinkEnd" />
         <Property Name ="SCOPE" Value ="INSTANCE" />
         <Property Name ="ENTITY_ACCESSOR" Value ="TRUE" />
         <Property Name ="SEQUENCE" Value ="0" />
         <Property Name ="VISIBILITY" Value ="PROTECTED" />
      </Data>
      <AttrArray Name="Attributes">
         <Item Value="com.jdevbook.chap7.model.CourseView.CourseId" />
      </AttrArray>
      <DesignTime>
         <Attr Name="_isUpdateable" Value="true" />
      </DesignTime>
   </ViewLinkDefEnd>
   <ViewLinkDefEnd
      Name="StudentView"
      Cardinality="-1"
      Owner="com.jdevbook.chap7.model.StudentView" >
      <Data>
         <Property Name ="ID" Value ="d2afb2ee-00f7-1000-801d-7f000001fa90::::ViewLinkEnd" />
         <Property Name ="SCOPE" Value ="INSTANCE" />
         <Property Name ="ENTITY_ACCESSOR" Value ="TRUE" />
         <Property Name ="SEQUENCE" Value ="10" />
         <Property Name ="VISIBILITY" Value ="PROTECTED" />
      </Data>
      <AttrArray Name="Attributes">
         <Item Value="com.jdevbook.chap7.model.StudentView.CourseId" />
      </AttrArray>
      <DesignTime>
         <Attr Name="_isUpdateable" Value="true" />
         <Attr Name="_finderName" Value="StudentView" />
      </DesignTime>
   </ViewLinkDefEnd>
</ViewLink>
