<?xml version = '1.0'?>
<!DOCTYPE connections>
<connections>
   <connection>
      <URL>jdbc:mysql:root@localhost:3306</URL>
      <ConnectionName>MySQLConn</ConnectionName>
      <ConnectionType>OTHER_JDBC</ConnectionType>
      <JdbcDriver>com.mysql.jdbc.Driver</JdbcDriver>
   </connection>
   <connection>
      <JDBC_PORT>1521</JDBC_PORT>
      <ConnectionType>JDBC</ConnectionType>
      <HOSTNAME>localhost</HOSTNAME>
      <user>scott</user>
      <ConnectionName>OracleDB</ConnectionName>
      <SID>testnew</SID>
      <JdbcDriver>oracle.jdbc.driver.OracleDriver</JdbcDriver>
      <ORACLE_JDBC_TYPE>thin</ORACLE_JDBC_TYPE>
   </connection>
</connections>
