<?xml version = '1.0' encoding = 'windows-1252'?>
<!DOCTYPE ejb-jar PUBLIC "-//Sun Microsystems, Inc.//DTD Enterprise JavaBeans 2.0//EN" "http://java.sun.com/dtd/ejb-jar_2_0.dtd">
<ejb-jar>
  <enterprise-beans>
    <session>
      <description>Session Bean ( Stateless )</description>
      <display-name>StudentCourseEJB</display-name>
      <ejb-name>StudentCourseEJB</ejb-name>
      <home>com.jdevbook.chap6.ejbapp.StudentCourseEJBHome</home>
      <remote>com.jdevbook.chap6.ejbapp.StudentCourseEJB</remote>
      <ejb-class>com.jdevbook.chap6.ejbapp.StudentCourseEJBBean</ejb-class>
      <session-type>Stateless</session-type>
      <transaction-type>Container</transaction-type>
      <ejb-local-ref>
        <ejb-ref-name>ejb/local/Course</ejb-ref-name>
        <ejb-ref-type>Entity</ejb-ref-type>
        <local-home>com.jdevbook.chap6.ejbapp.CourseLocalHome</local-home>
        <local>com.jdevbook.chap6.ejbapp.CourseLocal</local>
        <ejb-link>Course</ejb-link>
      </ejb-local-ref>
      <ejb-local-ref>
        <ejb-ref-name>ejb/local/Student</ejb-ref-name>
        <ejb-ref-type>Entity</ejb-ref-type>
        <local-home>com.jdevbook.chap6.ejbapp.StudentLocalHome</local-home>
        <local>com.jdevbook.chap6.ejbapp.StudentLocal</local>
        <ejb-link>Student</ejb-link>
      </ejb-local-ref>
    </session>
    <entity>
      <description>Entity Bean ( CMP )</description>
      <display-name>Course</display-name>
      <ejb-name>Course</ejb-name>
      <local-home>com.jdevbook.chap6.ejbapp.CourseLocalHome</local-home>
      <local>com.jdevbook.chap6.ejbapp.CourseLocal</local>
      <ejb-class>com.jdevbook.chap6.ejbapp.CourseBean</ejb-class>
      <persistence-type>Container</persistence-type>
      <prim-key-class>java.lang.Long</prim-key-class>
      <reentrant>False</reentrant>
      <cmp-version>2.x</cmp-version>
      <abstract-schema-name>Course</abstract-schema-name>
      <cmp-field>
        <field-name>courseId</field-name>
      </cmp-field>
      <cmp-field>
        <field-name>courseName</field-name>
      </cmp-field>
      <primkey-field>courseId</primkey-field>
      <query>
        <query-method>
          <method-name>findAll</method-name>
          <method-params/>
        </query-method>
        <ejb-ql>select object(o) from Course o</ejb-ql>
      </query>
    </entity>
    <entity>
      <description>Entity Bean ( CMP )</description>
      <display-name>Student</display-name>
      <ejb-name>Student</ejb-name>
      <local-home>com.jdevbook.chap6.ejbapp.StudentLocalHome</local-home>
      <local>com.jdevbook.chap6.ejbapp.StudentLocal</local>
      <ejb-class>com.jdevbook.chap6.ejbapp.StudentBean</ejb-class>
      <persistence-type>Container</persistence-type>
      <prim-key-class>java.lang.Long</prim-key-class>
      <reentrant>False</reentrant>
      <cmp-version>2.x</cmp-version>
      <abstract-schema-name>Student</abstract-schema-name>
      <cmp-field>
        <field-name>studentId</field-name>
      </cmp-field>
      <cmp-field>
        <field-name>studentName</field-name>
      </cmp-field>
      <primkey-field>studentId</primkey-field>
      <query>
        <query-method>
          <method-name>findAll</method-name>
          <method-params/>
        </query-method>
        <ejb-ql>select object(o) from Student o</ejb-ql>
      </query>
    </entity>
  </enterprise-beans>
  <relationships>
    <ejb-relation>
      <ejb-relation-name>Student - Course</ejb-relation-name>
      <ejb-relationship-role>
        <ejb-relationship-role-name>Student may have one Course</ejb-relationship-role-name>
        <multiplicity>Many</multiplicity>
        <relationship-role-source>
          <ejb-name>Student</ejb-name>
        </relationship-role-source>
        <cmr-field>
          <cmr-field-name>course_courseId</cmr-field-name>
        </cmr-field>
      </ejb-relationship-role>
      <ejb-relationship-role>
        <ejb-relationship-role-name>Course may have many Student</ejb-relationship-role-name>
        <multiplicity>One</multiplicity>
        <relationship-role-source>
          <ejb-name>Course</ejb-name>
        </relationship-role-source>
        <cmr-field>
          <cmr-field-name>student_courseId</cmr-field-name>
          <cmr-field-type>java.util.Collection</cmr-field-type>
        </cmr-field>
      </ejb-relationship-role>
    </ejb-relation>
  </relationships>
  <assembly-descriptor>
    <container-transaction>
      <method>
        <ejb-name>Course</ejb-name>
        <method-name>*</method-name>
      </method>
      <trans-attribute>Supports</trans-attribute>
    </container-transaction>
    <container-transaction>
      <method>
        <ejb-name>Student</ejb-name>
        <method-name>*</method-name>
      </method>
      <trans-attribute>Supports</trans-attribute>
    </container-transaction>
    <container-transaction>
      <method>
        <ejb-name>StudentCourseEJB</ejb-name>
        <method-name>*</method-name>
      </method>
      <trans-attribute>Required</trans-attribute>
    </container-transaction>
  </assembly-descriptor>
</ejb-jar>
