<?xml version = '1.0' encoding = 'windows-1252'?>
<!DOCTYPE struts-config PUBLIC "-//Apache Software Foundation//DTD Struts Configuration 1.1//EN" "http://jakarta.apache.org/struts/dtds/struts-config_1_1.dtd">
<struts-config>
   <form-beans>
      <form-bean name="DataForm" type="oracle.adf.controller.struts.forms.BindingContainerActionForm"/>
   </form-beans>
   <action-mappings>
      <action path="/page1" forward="/StudentSearch.uix"/>
      <action path="/page1DataAction" className="oracle.adf.controller.struts.actions.DataActionMapping" type="oracle.adf.controller.struts.actions.DataAction" name="DataForm">
         <set-property property="modelReference" value="StudentSearchUIModel"/>
         <forward name="success" path="/page1.do"/>
      </action>
   </action-mappings>
   <message-resources parameter="com.jdevbook.chap7.view.ApplicationResources"/>
</struts-config>
